김철수, test01@test.com, 01012340001, 2025.09.12
이영희, test02@test.com, 01012340002, 2025.09.13
박민수, test03@test.com, 01012340003, 2025.09.14
최지은, test04@test.com, 01012340004, 2025.09.15
정우성, test05@test.com, 01012340005, 2025.09.16
한가인, test06@test.com, 01012340006, 2025.09.17
오세훈, test07@test.com, 01012340007, 2025.09.18
강수진, test08@test.com, 01012340008, 2025.09.19
임지훈, test09@test.com, 01012340009, 2025.09.20
윤아름, test10@test.com, 01012340010, 2025.09.21
신동욱, test11@test.com, 01012340011, 2025.09.22
서유리, test12@test.com, 01012340012, 2025.09.23
권도현, test13@test.com, 01012340013, 2025.09.24
배수지, test14@test.com, 01012340014, 2025.09.25
조현우, test15@test.com, 01012340015, 2025.09.26
송하늘, test16@test.com, 01012340016, 2025.09.27
남지민, test17@test.com, 01012340017, 2025.09.28
노은지, test18@test.com, 01012340018, 2025.09.29
문태호, test19@test.com, 01012340019, 2025.09.30
백지윤, test20@test.com, 01012340020, 2025.10.01
안재현, test21@test.com, 01012340021, 2025.10.02
양서연, test22@test.com, 01012340022, 2025.10.03
유민재, test23@test.com, 01012340023, 2025.10.04
전소미, test24@test.com, 01012340024, 2025.10.05
차은우, test25@test.com, 01012340025, 2025.10.06
탁예린, test26@test.com, 01012340026, 2025.10.07
하준석, test27@test.com, 01012340027, 2025.10.08
황보라, test28@test.com, 01012340028, 2025.10.09
고은별, test29@test.com, 01012340029, 2025.10.10
곽동현, test30@test.com, 01012340030, 2025.10.11
구하나, test31@test.com, 01012340031, 2025.10.12
기태영, test32@test.com, 01012340032, 2025.10.13
나유진, test33@test.com, 01012340033, 2025.10.14
류성민, test34@test.com, 01012340034, 2025.10.15
마지훈, test35@test.com, 01012340035, 2025.10.16
민서아, test36@test.com, 01012340036, 2025.10.17
반지훈, test37@test.com, 01012340037, 2025.10.18
손예나, test38@test.com, 01012340038, 2025.10.19
심현수, test39@test.com, 01012340039, 2025.10.20
원지아, test40@test.com, 01012340040, 2025.10.21
장민혁, test41@test.com, 01012340041, 2025.10.22
진서윤, test42@test.com, 01012340042, 2025.10.23
표지훈, test43@test.com, 01012340043, 2025.10.24
허은지, test44@test.com, 01012340044, 2025.10.25
홍다은, test45@test.com, 01012340045, 2025.10.26
김도윤, test46@test.com, 01012340046, 2025.10.27
박서준, test47@test.com, 01012340047, 2025.10.28
이수빈, test48@test.com, 01012340048, 2025.10.29
최민아, test49@test.com, 01012340049, 2025.10.30
정하준, test50@test.com, 01012340050, 2025.10.31
